"","benign","malignant"
"benign",64.3055555555555,2.36111111111111
"malignant",1.66666666666667,31.6666666666667
