"","Var1","Freq"
"1","FALSE",4.02777777777778
"2","TRUE",95.9722222222222
